[{"model": "foodcartapp.restaurant", "pk": 1, "fields": {"name": "Star Burger Арбат", "address": "Москва, ул. Новый Арбат, 15", "contact_phone": "+7 (967) 157-44-13"}}, {"model": "foodcartapp.restaurant", "pk": 2, "fields": {"name": "Star Burger Цветной", "address": "Москва, Цветной бульвар, 11с2", "contact_phone": "+7 (929) 949-55-36"}}, {"model": "foodcartapp.restaurant", "pk": 3, "fields": {"name": "Star Burger Европейский", "address": "Москва, пл. Киевского Вокзала, 2", "contact_phone": "+7 (929) 680-47-58"}}, {"model": "foodcartapp.productcategory", "pk": 1, "fields": {"name": "Бургер"}}, {"model": "foodcartapp.productcategory", "pk": 2, "fields": {"name": "Ролл"}}, {"model": "foodcartapp.product", "pk": 1, "fields": {"name": "Стейкхаус", "category": 1, "price": "269.00", "image": "steak.jpg", "special_status": false, "description": "Стейкхаус – это сочетание нашей фирменной, приготовленной на огне 100% говядины с ломтиками бекона и соусом «Барбекю», майонезом, листьями свежего салата, помидором и хрустящим"}}, {"model": "foodcartapp.product", "pk": 2, "fields": {"name": "Лонг Чизбургер", "category": 1, "price": "500.00", "image": "long_chiz.jpg", "special_status": false, "description": "Лонг Чизбургер – эталон в коллекции чизбургеров! Два приготовленных на огне бифштекса с двумя ломтиками слегка расплавленного сыра, хрустящими огурчиками, рубленым луком, горчи"}}, {"model": "foodcartapp.product", "pk": 3, "fields": {"name": "Тройной Воппер", "category": 1, "price": "369.00", "image": "triple_vopper.jpg", "special_status": false, "description": "ВОППЕР® — это вкуснейшая приготовленная на огне 100% говядина с сочными помидорами, свежим нарезанным листовым салатом, густым майонезом, хрустящими маринованными огурчиками и"}}, {"model": "foodcartapp.product", "pk": 4, "fields": {"name": "Беконайзер", "category": 1, "price": "319.00", "image": "beconizer.jpg", "special_status": false, "description": "Встречай самый внушительный бургер в коллекции Бургер Кинг. Много мяса, много бекона и много сыра - все, как ты любишь, и ничего лишнего!\""}}, {"model": "foodcartapp.product", "pk": 5, "fields": {"name": "Фиш Ролл", "category": 2, "price": "199.00", "image": "fish_roll.jpg", "special_status": false, "description": "Наш новый ролл с аппетитной котлеткой из филе белой рыбы, с фирменным соусом, маринованными огурчиками и хрустящим салатом. Легкое рыбное удовольствие!\""}}, {"model": "foodcartapp.product", "pk": 6, "fields": {"name": "Шримп Ролл", "category": 2, "price": "209.00", "image": "shrimp_roll.jpg", "special_status": false, "description": "Легкий ролл с нежными королевскими креветками в хрустящей панировке, свежий салат Айсберг и ломтик сыра в пшеничной лепешке под фирменным соусом «Кинг». Внимание! Блюдо содержи"}}, {"model": "foodcartapp.restaurantmenuitem", "pk": 1, "fields": {"restaurant": 3, "product": 1, "availability": false}}, {"model": "foodcartapp.restaurantmenuitem", "pk": 2, "fields": {"restaurant": 3, "product": 2, "availability": false}}, {"model": "foodcartapp.restaurantmenuitem", "pk": 3, "fields": {"restaurant": 3, "product": 3, "availability": false}}, {"model": "foodcartapp.restaurantmenuitem", "pk": 4, "fields": {"restaurant": 2, "product": 3, "availability": true}}, {"model": "foodcartapp.restaurantmenuitem", "pk": 5, "fields": {"restaurant": 2, "product": 4, "availability": true}}, {"model": "foodcartapp.restaurantmenuitem", "pk": 6, "fields": {"restaurant": 2, "product": 6, "availability": true}}, {"model": "foodcartapp.restaurantmenuitem", "pk": 7, "fields": {"restaurant": 1, "product": 1, "availability": true}}, {"model": "foodcartapp.restaurantmenuitem", "pk": 8, "fields": {"restaurant": 1, "product": 2, "availability": true}}, {"model": "foodcartapp.restaurantmenuitem", "pk": 9, "fields": {"restaurant": 1, "product": 3, "availability": true}}, {"model": "foodcartapp.restaurantmenuitem", "pk": 10, "fields": {"restaurant": 1, "product": 4, "availability": true}}, {"model": "foodcartapp.restaurantmenuitem", "pk": 11, "fields": {"restaurant": 1, "product": 5, "availability": true}}, {"model": "foodcartapp.restaurantmenuitem", "pk": 12, "fields": {"restaurant": 1, "product": 6, "availability": true}}, {"model": "foodcartapp.restaurantmenuitem", "pk": 13, "fields": {"restaurant": 2, "product": 1, "availability": true}}, {"model": "foodcartapp.order", "pk": 1, "fields": {"firstname": "Викор", "lastname": "Тиховской", "phonenumber": "+79994953911", "address": "Говорова", "status": "pending", "comment": "", "created_at": "2025-05-18T10:26:32.759Z", "called_at": null, "delivered_at": null, "payment_method": "cash", "restaurant": null}}, {"model": "foodcartapp.order", "pk": 2, "fields": {"firstname": "Виктор", "lastname": "Тиховской", "phonenumber": "99999999", "address": "Томск", "status": "pending", "comment": "", "created_at": "2025-05-18T10:31:06.920Z", "called_at": null, "delivered_at": null, "payment_method": "cash", "restaurant": null}}, {"model": "foodcartapp.order", "pk": 3, "fields": {"firstname": "Виктор", "lastname": "Тиховской", "phonenumber": "+79994953911", "address": "томск", "status": "pending", "comment": "", "created_at": "2025-05-18T10:36:55.210Z", "called_at": null, "delivered_at": null, "payment_method": "cash", "restaurant": null}}, {"model": "foodcartapp.order", "pk": 4, "fields": {"firstname": "Виктор", "lastname": "Тиховско", "phonenumber": "+79994953911", "address": "томск", "status": "pending", "comment": "", "created_at": "2025-05-18T11:28:25.920Z", "called_at": null, "delivered_at": null, "payment_method": "cash", "restaurant": null}}, {"model": "foodcartapp.order", "pk": 5, "fields": {"firstname": "Иван", "lastname": "Иванов", "phonenumber": "+79991234567", "address": "Москва, ул. Пушкина, д. 1", "status": "pending", "comment": "", "created_at": "2025-05-18T11:29:30.907Z", "called_at": null, "delivered_at": null, "payment_method": "cash", "restaurant": null}}, {"model": "foodcartapp.order", "pk": 6, "fields": {"firstname": "Иван", "lastname": "Иванов", "phonenumber": "+79991234567", "address": "Москва, ул. Пушкина, д. 1", "status": "pending", "comment": "", "created_at": "2025-05-18T11:29:53.498Z", "called_at": null, "delivered_at": null, "payment_method": "cash", "restaurant": null}}, {"model": "foodcartapp.order", "pk": 7, "fields": {"firstname": "Иван", "lastname": "Петров", "phonenumber": "+79291000000", "address": "Москва", "status": "pending", "comment": "", "created_at": "2025-05-18T12:03:22.649Z", "called_at": null, "delivered_at": null, "payment_method": "cash", "restaurant": null}}, {"model": "foodcartapp.order", "pk": 8, "fields": {"firstname": "Иван", "lastname": "Петров", "phonenumber": "+79291000000", "address": "Москва", "status": "pending", "comment": "", "created_at": "2025-05-18T12:06:39.526Z", "called_at": null, "delivered_at": null, "payment_method": "cash", "restaurant": null}}, {"model": "foodcartapp.order", "pk": 9, "fields": {"firstname": "олег", "lastname": "олегов", "phonenumber": "+79994953911", "address": "томск", "status": "pending", "comment": "", "created_at": "2025-05-18T12:07:43.918Z", "called_at": null, "delivered_at": null, "payment_method": "cash", "restaurant": null}}, {"model": "foodcartapp.order", "pk": 10, "fields": {"firstname": "Виктор", "lastname": "Тиховской", "phonenumber": "+79990001122", "address": "г. Москва, ул. Пушкина, д. 10", "status": "pending", "comment": "", "created_at": "2025-05-18T12:24:04.512Z", "called_at": null, "delivered_at": null, "payment_method": "cash", "restaurant": null}}, {"model": "foodcartapp.order", "pk": 11, "fields": {"firstname": "Виктор", "lastname": "Иванов", "phonenumber": "+79990001122", "address": "г. Москва, ул. Пушкина, д. 10", "status": "pending", "comment": "", "created_at": "2025-05-19T07:26:38.679Z", "called_at": null, "delivered_at": null, "payment_method": "cash", "restaurant": null}}, {"model": "foodcartapp.order", "pk": 12, "fields": {"firstname": "мира", "lastname": "олегов", "phonenumber": "+79994953911", "address": "томск", "status": "pending", "comment": "", "created_at": "2025-05-19T07:28:22.000Z", "called_at": null, "delivered_at": null, "payment_method": "cash", "restaurant": null}}, {"model": "foodcartapp.order", "pk": 13, "fields": {"firstname": "Виктор", "lastname": "Тиховской", "phonenumber": "+79994953911", "address": "томсе", "status": "pending", "comment": "rere", "created_at": "2025-05-19T08:42:06.331Z", "called_at": null, "delivered_at": null, "payment_method": "cash", "restaurant": null}}, {"model": "foodcartapp.order", "pk": 14, "fields": {"firstname": "арсен", "lastname": "Тиховской", "phonenumber": "+79994953911", "address": "томск", "status": "completed", "comment": "", "created_at": "2025-05-19T12:17:29.510Z", "called_at": null, "delivered_at": null, "payment_method": "cash", "restaurant": null}}, {"model": "foodcartapp.order", "pk": 15, "fields": {"firstname": "олег", "lastname": "март", "phonenumber": "+79994953911", "address": "томск", "status": "completed", "comment": "rere", "created_at": "2025-05-19T13:15:54.532Z", "called_at": null, "delivered_at": null, "payment_method": "cash", "restaurant": null}}, {"model": "foodcartapp.order", "pk": 16, "fields": {"firstname": "Виктор", "lastname": "Тиховской", "phonenumber": "+79994953911", "address": "Томск", "status": "assembled", "comment": "9н408екпгшщ", "created_at": "2025-05-19T17:06:18.149Z", "called_at": "2025-05-19T17:45:17Z", "delivered_at": null, "payment_method": "card", "restaurant": 2}}, {"model": "foodcartapp.order", "pk": 17, "fields": {"firstname": "Виктор", "lastname": "Тиховской", "phonenumber": "+79994953911", "address": "родина", "status": "pending", "comment": "", "created_at": "2025-05-19T19:09:30.336Z", "called_at": null, "delivered_at": null, "payment_method": "cash", "restaurant": null}}, {"model": "foodcartapp.order", "pk": 18, "fields": {"firstname": "Виктор", "lastname": "Тиховской", "phonenumber": "+79994953911", "address": "Томск, говорова д 46", "status": "pending", "comment": "", "created_at": "2025-05-19T20:24:40.084Z", "called_at": null, "delivered_at": null, "payment_method": "cash", "restaurant": null}}, {"model": "foodcartapp.orderitem", "pk": 1, "fields": {"order": 1, "product": 1, "quantity": 1, "price": "100.00"}}, {"model": "foodcartapp.orderitem", "pk": 2, "fields": {"order": 1, "product": 5, "quantity": 1, "price": "100.00"}}, {"model": "foodcartapp.orderitem", "pk": 3, "fields": {"order": 2, "product": 2, "quantity": 1, "price": "100.00"}}, {"model": "foodcartapp.orderitem", "pk": 4, "fields": {"order": 2, "product": 3, "quantity": 5, "price": "100.00"}}, {"model": "foodcartapp.orderitem", "pk": 5, "fields": {"order": 2, "product": 1, "quantity": 1, "price": "100.00"}}, {"model": "foodcartapp.orderitem", "pk": 6, "fields": {"order": 3, "product": 1, "quantity": 1, "price": "100.00"}}, {"model": "foodcartapp.orderitem", "pk": 7, "fields": {"order": 4, "product": 1, "quantity": 1, "price": "100.00"}}, {"model": "foodcartapp.orderitem", "pk": 8, "fields": {"order": 5, "product": 1, "quantity": 2, "price": "100.00"}}, {"model": "foodcartapp.orderitem", "pk": 9, "fields": {"order": 5, "product": 2, "quantity": 1, "price": "100.00"}}, {"model": "foodcartapp.orderitem", "pk": 10, "fields": {"order": 6, "product": 1, "quantity": 2, "price": "100.00"}}, {"model": "foodcartapp.orderitem", "pk": 11, "fields": {"order": 6, "product": 2, "quantity": 1, "price": "100.00"}}, {"model": "foodcartapp.orderitem", "pk": 12, "fields": {"order": 7, "product": 1, "quantity": 2, "price": "100.00"}}, {"model": "foodcartapp.orderitem", "pk": 13, "fields": {"order": 7, "product": 2, "quantity": 1, "price": "100.00"}}, {"model": "foodcartapp.orderitem", "pk": 14, "fields": {"order": 8, "product": 1, "quantity": 2, "price": "100.00"}}, {"model": "foodcartapp.orderitem", "pk": 15, "fields": {"order": 8, "product": 2, "quantity": 1, "price": "100.00"}}, {"model": "foodcartapp.orderitem", "pk": 16, "fields": {"order": 9, "product": 1, "quantity": 4, "price": "100.00"}}, {"model": "foodcartapp.orderitem", "pk": 17, "fields": {"order": 9, "product": 2, "quantity": 4, "price": "100.00"}}, {"model": "foodcartapp.orderitem", "pk": 18, "fields": {"order": 10, "product": 1, "quantity": 2, "price": "100.00"}}, {"model": "foodcartapp.orderitem", "pk": 19, "fields": {"order": 10, "product": 2, "quantity": 1, "price": "100.00"}}, {"model": "foodcartapp.orderitem", "pk": 20, "fields": {"order": 11, "product": 1, "quantity": 2, "price": "100.00"}}, {"model": "foodcartapp.orderitem", "pk": 21, "fields": {"order": 11, "product": 2, "quantity": 1, "price": "100.00"}}, {"model": "foodcartapp.orderitem", "pk": 22, "fields": {"order": 12, "product": 1, "quantity": 4, "price": "100.00"}}, {"model": "foodcartapp.orderitem", "pk": 23, "fields": {"order": 13, "product": 1, "quantity": 2, "price": "100.00"}}, {"model": "foodcartapp.orderitem", "pk": 24, "fields": {"order": 14, "product": 2, "quantity": 3, "price": "219.00"}}, {"model": "foodcartapp.orderitem", "pk": 25, "fields": {"order": 14, "product": 3, "quantity": 3, "price": "369.00"}}, {"model": "foodcartapp.orderitem", "pk": 26, "fields": {"order": 14, "product": 1, "quantity": 4, "price": "269.00"}}, {"model": "foodcartapp.orderitem", "pk": 27, "fields": {"order": 15, "product": 1, "quantity": 4, "price": "269.00"}}, {"model": "foodcartapp.orderitem", "pk": 28, "fields": {"order": 16, "product": 2, "quantity": 503, "price": "500.00"}}, {"model": "foodcartapp.orderitem", "pk": 29, "fields": {"order": 16, "product": 1, "quantity": 40, "price": "269.00"}}, {"model": "foodcartapp.orderitem", "pk": 30, "fields": {"order": 16, "product": 3, "quantity": 500, "price": "369.00"}}, {"model": "foodcartapp.orderitem", "pk": 31, "fields": {"order": 16, "product": 4, "quantity": 150, "price": "319.00"}}, {"model": "foodcartapp.orderitem", "pk": 32, "fields": {"order": 17, "product": 1, "quantity": 5, "price": "269.00"}}, {"model": "foodcartapp.orderitem", "pk": 33, "fields": {"order": 18, "product": 5, "quantity": 5, "price": "199.00"}}, {"model": "foodcartapp.orderitem", "pk": 34, "fields": {"order": 18, "product": 6, "quantity": 1, "price": "209.00"}}, {"model": "admin.logentry", "pk": 1, "fields": {"action_time": "2025-05-18T09:49:55.797Z", "user": 1, "content_type": 2, "object_id": "1", "object_repr": "Star Burger Арбат", "action_flag": 1, "change_message": "[{\"added\": {}}]"}}, {"model": "admin.logentry", "pk": 2, "fields": {"action_time": "2025-05-18T09:50:27.058Z", "user": 1, "content_type": 2, "object_id": "2", "object_repr": "Star Burger Цветной", "action_flag": 1, "change_message": "[{\"added\": {}}]"}}, {"model": "admin.logentry", "pk": 3, "fields": {"action_time": "2025-05-18T09:50:54.820Z", "user": 1, "content_type": 2, "object_id": "3", "object_repr": "Star Burger Европейский", "action_flag": 1, "change_message": "[{\"added\": {}}]"}}, {"model": "admin.logentry", "pk": 4, "fields": {"action_time": "2025-05-18T09:52:00.832Z", "user": 1, "content_type": 4, "object_id": "1", "object_repr": "Бургер", "action_flag": 1, "change_message": "[{\"added\": {}}]"}}, {"model": "admin.logentry", "pk": 5, "fields": {"action_time": "2025-05-18T09:52:10.568Z", "user": 1, "content_type": 4, "object_id": "2", "object_repr": "Ролл", "action_flag": 1, "change_message": "[{\"added\": {}}]"}}, {"model": "admin.logentry", "pk": 6, "fields": {"action_time": "2025-05-18T09:53:33.995Z", "user": 1, "content_type": 1, "object_id": "1", "object_repr": "Стейкхаус", "action_flag": 1, "change_message": "[{\"added\": {}}]"}}, {"model": "admin.logentry", "pk": 7, "fields": {"action_time": "2025-05-18T09:54:06.990Z", "user": 1, "content_type": 1, "object_id": "2", "object_repr": "Лонг Чизбургер", "action_flag": 1, "change_message": "[{\"added\": {}}]"}}, {"model": "admin.logentry", "pk": 8, "fields": {"action_time": "2025-05-18T09:54:46.556Z", "user": 1, "content_type": 1, "object_id": "3", "object_repr": "Тройной Воппер", "action_flag": 1, "change_message": "[{\"added\": {}}]"}}, {"model": "admin.logentry", "pk": 9, "fields": {"action_time": "2025-05-18T09:55:17.670Z", "user": 1, "content_type": 1, "object_id": "4", "object_repr": "Беконайзер", "action_flag": 1, "change_message": "[{\"added\": {}}]"}}, {"model": "admin.logentry", "pk": 10, "fields": {"action_time": "2025-05-18T09:55:59.201Z", "user": 1, "content_type": 1, "object_id": "5", "object_repr": "Фиш Ролл", "action_flag": 1, "change_message": "[{\"added\": {}}]"}}, {"model": "admin.logentry", "pk": 11, "fields": {"action_time": "2025-05-18T09:56:34.782Z", "user": 1, "content_type": 1, "object_id": "6", "object_repr": "Шримп Ролл", "action_flag": 1, "change_message": "[{\"added\": {}}]"}}, {"model": "admin.logentry", "pk": 12, "fields": {"action_time": "2025-05-18T09:57:22.338Z", "user": 1, "content_type": 2, "object_id": "3", "object_repr": "Star Burger Европейский", "action_flag": 2, "change_message": "[{\"added\": {\"name\": \"\\u043f\\u0443\\u043d\\u043a\\u0442 \\u043c\\u0435\\u043d\\u044e \\u0440\\u0435\\u0441\\u0442\\u043e\\u0440\\u0430\\u043d\\u0430\", \"object\": \"Star Burger \\u0415\\u0432\\u0440\\u043e\\u043f\\u0435\\u0439\\u0441\\u043a\\u0438\\u0439 - \\u0421\\u0442\\u0435\\u0439\\u043a\\u0445\\u0430\\u0443\\u0441\"}}, {\"added\": {\"name\": \"\\u043f\\u0443\\u043d\\u043a\\u0442 \\u043c\\u0435\\u043d\\u044e \\u0440\\u0435\\u0441\\u0442\\u043e\\u0440\\u0430\\u043d\\u0430\", \"object\": \"Star Burger \\u0415\\u0432\\u0440\\u043e\\u043f\\u0435\\u0439\\u0441\\u043a\\u0438\\u0439 - \\u041b\\u043e\\u043d\\u0433 \\u0427\\u0438\\u0437\\u0431\\u0443\\u0440\\u0433\\u0435\\u0440\"}}, {\"added\": {\"name\": \"\\u043f\\u0443\\u043d\\u043a\\u0442 \\u043c\\u0435\\u043d\\u044e \\u0440\\u0435\\u0441\\u0442\\u043e\\u0440\\u0430\\u043d\\u0430\", \"object\": \"Star Burger \\u0415\\u0432\\u0440\\u043e\\u043f\\u0435\\u0439\\u0441\\u043a\\u0438\\u0439 - \\u0424\\u0438\\u0448 \\u0420\\u043e\\u043b\\u043b\"}}]"}}, {"model": "admin.logentry", "pk": 13, "fields": {"action_time": "2025-05-18T09:57:35.518Z", "user": 1, "content_type": 2, "object_id": "2", "object_repr": "Star Burger Цветной", "action_flag": 2, "change_message": "[{\"added\": {\"name\": \"\\u043f\\u0443\\u043d\\u043a\\u0442 \\u043c\\u0435\\u043d\\u044e \\u0440\\u0435\\u0441\\u0442\\u043e\\u0440\\u0430\\u043d\\u0430\", \"object\": \"Star Burger \\u0426\\u0432\\u0435\\u0442\\u043d\\u043e\\u0439 - \\u0422\\u0440\\u043e\\u0439\\u043d\\u043e\\u0439 \\u0412\\u043e\\u043f\\u043f\\u0435\\u0440\"}}, {\"added\": {\"name\": \"\\u043f\\u0443\\u043d\\u043a\\u0442 \\u043c\\u0435\\u043d\\u044e \\u0440\\u0435\\u0441\\u0442\\u043e\\u0440\\u0430\\u043d\\u0430\", \"object\": \"Star Burger \\u0426\\u0432\\u0435\\u0442\\u043d\\u043e\\u0439 - \\u0411\\u0435\\u043a\\u043e\\u043d\\u0430\\u0439\\u0437\\u0435\\u0440\"}}, {\"added\": {\"name\": \"\\u043f\\u0443\\u043d\\u043a\\u0442 \\u043c\\u0435\\u043d\\u044e \\u0440\\u0435\\u0441\\u0442\\u043e\\u0440\\u0430\\u043d\\u0430\", \"object\": \"Star Burger \\u0426\\u0432\\u0435\\u0442\\u043d\\u043e\\u0439 - \\u0428\\u0440\\u0438\\u043c\\u043f \\u0420\\u043e\\u043b\\u043b\"}}]"}}, {"model": "admin.logentry", "pk": 14, "fields": {"action_time": "2025-05-18T09:58:00.182Z", "user": 1, "content_type": 2, "object_id": "1", "object_repr": "Star Burger Арбат", "action_flag": 2, "change_message": "[{\"added\": {\"name\": \"\\u043f\\u0443\\u043d\\u043a\\u0442 \\u043c\\u0435\\u043d\\u044e \\u0440\\u0435\\u0441\\u0442\\u043e\\u0440\\u0430\\u043d\\u0430\", \"object\": \"Star Burger \\u0410\\u0440\\u0431\\u0430\\u0442 - \\u0421\\u0442\\u0435\\u0439\\u043a\\u0445\\u0430\\u0443\\u0441\"}}, {\"added\": {\"name\": \"\\u043f\\u0443\\u043d\\u043a\\u0442 \\u043c\\u0435\\u043d\\u044e \\u0440\\u0435\\u0441\\u0442\\u043e\\u0440\\u0430\\u043d\\u0430\", \"object\": \"Star Burger \\u0410\\u0440\\u0431\\u0430\\u0442 - \\u041b\\u043e\\u043d\\u0433 \\u0427\\u0438\\u0437\\u0431\\u0443\\u0440\\u0433\\u0435\\u0440\"}}, {\"added\": {\"name\": \"\\u043f\\u0443\\u043d\\u043a\\u0442 \\u043c\\u0435\\u043d\\u044e \\u0440\\u0435\\u0441\\u0442\\u043e\\u0440\\u0430\\u043d\\u0430\", \"object\": \"Star Burger \\u0410\\u0440\\u0431\\u0430\\u0442 - \\u0422\\u0440\\u043e\\u0439\\u043d\\u043e\\u0439 \\u0412\\u043e\\u043f\\u043f\\u0435\\u0440\"}}, {\"added\": {\"name\": \"\\u043f\\u0443\\u043d\\u043a\\u0442 \\u043c\\u0435\\u043d\\u044e \\u0440\\u0435\\u0441\\u0442\\u043e\\u0440\\u0430\\u043d\\u0430\", \"object\": \"Star Burger \\u0410\\u0440\\u0431\\u0430\\u0442 - \\u0411\\u0435\\u043a\\u043e\\u043d\\u0430\\u0439\\u0437\\u0435\\u0440\"}}, {\"added\": {\"name\": \"\\u043f\\u0443\\u043d\\u043a\\u0442 \\u043c\\u0435\\u043d\\u044e \\u0440\\u0435\\u0441\\u0442\\u043e\\u0440\\u0430\\u043d\\u0430\", \"object\": \"Star Burger \\u0410\\u0440\\u0431\\u0430\\u0442 - \\u0424\\u0438\\u0448 \\u0420\\u043e\\u043b\\u043b\"}}, {\"added\": {\"name\": \"\\u043f\\u0443\\u043d\\u043a\\u0442 \\u043c\\u0435\\u043d\\u044e \\u0440\\u0435\\u0441\\u0442\\u043e\\u0440\\u0430\\u043d\\u0430\", \"object\": \"Star Burger \\u0410\\u0440\\u0431\\u0430\\u0442 - \\u0428\\u0440\\u0438\\u043c\\u043f \\u0420\\u043e\\u043b\\u043b\"}}]"}}, {"model": "admin.logentry", "pk": 15, "fields": {"action_time": "2025-05-18T10:26:32.775Z", "user": 1, "content_type": 12, "object_id": "1", "object_repr": "Заказ Викор Тиховской (+79994953911)", "action_flag": 1, "change_message": "[{\"added\": {}}, {\"added\": {\"name\": \"\\u043f\\u043e\\u0437\\u0438\\u0446\\u0438\\u044f \\u0437\\u0430\\u043a\\u0430\\u0437\\u0430\", \"object\": \"\\u0421\\u0442\\u0435\\u0439\\u043a\\u0445\\u0430\\u0443\\u0441 x 1\"}}, {\"added\": {\"name\": \"\\u043f\\u043e\\u0437\\u0438\\u0446\\u0438\\u044f \\u0437\\u0430\\u043a\\u0430\\u0437\\u0430\", \"object\": \"\\u0424\\u0438\\u0448 \\u0420\\u043e\\u043b\\u043b x 1\"}}]"}}, {"model": "admin.logentry", "pk": 16, "fields": {"action_time": "2025-05-19T12:18:35.419Z", "user": 1, "content_type": 1, "object_id": "2", "object_repr": "Лонг Чизбургер", "action_flag": 2, "change_message": "[{\"changed\": {\"fields\": [\"\\u0426\\u0435\\u043d\\u0430\"]}}]"}}, {"model": "admin.logentry", "pk": 17, "fields": {"action_time": "2025-05-19T12:19:26.103Z", "user": 1, "content_type": 12, "object_id": "14", "object_repr": "Заказ арсен Тиховской (+79994953911)", "action_flag": 2, "change_message": "[{\"changed\": {\"fields\": [\"\\u0418\\u043c\\u044f\"]}}]"}}, {"model": "admin.logentry", "pk": 18, "fields": {"action_time": "2025-05-19T13:46:00.105Z", "user": 1, "content_type": 12, "object_id": "15", "object_repr": "Заказ олег март (+79994953911)", "action_flag": 2, "change_message": "[{\"changed\": {\"name\": \"\\u043f\\u043e\\u0437\\u0438\\u0446\\u0438\\u044f \\u0437\\u0430\\u043a\\u0430\\u0437\\u0430\", \"object\": \"\\u0421\\u0442\\u0435\\u0439\\u043a\\u0445\\u0430\\u0443\\u0441 x 3 \\u043f\\u043e 269.00\", \"fields\": [\"\\u041a\\u043e\\u043b\\u0438\\u0447\\u0435\\u0441\\u0442\\u0432\\u043e\"]}}]"}}, {"model": "admin.logentry", "pk": 19, "fields": {"action_time": "2025-05-19T13:46:41.396Z", "user": 1, "content_type": 12, "object_id": "15", "object_repr": "Заказ олег март (+79994953911)", "action_flag": 2, "change_message": "[{\"changed\": {\"name\": \"\\u043f\\u043e\\u0437\\u0438\\u0446\\u0438\\u044f \\u0437\\u0430\\u043a\\u0430\\u0437\\u0430\", \"object\": \"\\u0421\\u0442\\u0435\\u0439\\u043a\\u0445\\u0430\\u0443\\u0441 x 4 \\u043f\\u043e 269\", \"fields\": [\"\\u041a\\u043e\\u043b\\u0438\\u0447\\u0435\\u0441\\u0442\\u0432\\u043e\"]}}]"}}, {"model": "admin.logentry", "pk": 20, "fields": {"action_time": "2025-05-19T15:49:28.762Z", "user": 1, "content_type": 12, "object_id": "15", "object_repr": "Заказ олег март (+79994953911)", "action_flag": 2, "change_message": "[{\"changed\": {\"fields\": [\"\\u0421\\u0442\\u0430\\u0442\\u0443\\u0441\"]}}]"}}, {"model": "admin.logentry", "pk": 21, "fields": {"action_time": "2025-05-19T15:50:14.627Z", "user": 1, "content_type": 12, "object_id": "15", "object_repr": "Заказ олег март (+79994953911)", "action_flag": 2, "change_message": "[{\"changed\": {\"fields\": [\"\\u0421\\u0442\\u0430\\u0442\\u0443\\u0441\"]}}]"}}, {"model": "admin.logentry", "pk": 22, "fields": {"action_time": "2025-05-19T15:50:23.747Z", "user": 1, "content_type": 12, "object_id": "14", "object_repr": "Заказ арсен Тиховской (+79994953911)", "action_flag": 2, "change_message": "[{\"changed\": {\"fields\": [\"\\u0421\\u0442\\u0430\\u0442\\u0443\\u0441\"]}}]"}}, {"model": "admin.logentry", "pk": 23, "fields": {"action_time": "2025-05-19T16:48:01.642Z", "user": 1, "content_type": 12, "object_id": "15", "object_repr": "Заказ олег март (+79994953911)", "action_flag": 2, "change_message": "[{\"changed\": {\"fields\": [\"\\u041a\\u043e\\u043c\\u043c\\u0435\\u043d\\u0442\\u0430\\u0440\\u0438\\u0439\"]}}]"}}, {"model": "admin.logentry", "pk": 24, "fields": {"action_time": "2025-05-19T16:48:24.743Z", "user": 1, "content_type": 12, "object_id": "13", "object_repr": "Заказ Виктор Тиховской (+79994953911)", "action_flag": 2, "change_message": "[{\"changed\": {\"fields\": [\"\\u041a\\u043e\\u043c\\u043c\\u0435\\u043d\\u0442\\u0430\\u0440\\u0438\\u0439\"]}}]"}}, {"model": "admin.logentry", "pk": 25, "fields": {"action_time": "2025-05-19T17:45:26.101Z", "user": 1, "content_type": 12, "object_id": "16", "object_repr": "Заказ Виктор Тиховской (+79994953911)", "action_flag": 2, "change_message": "[{\"changed\": {\"fields\": [\"\\u0421\\u0442\\u0430\\u0442\\u0443\\u0441\", \"\\u0412\\u0440\\u0435\\u043c\\u044f \\u0437\\u0432\\u043e\\u043d\\u043a\\u0430 \\u043c\\u0435\\u043d\\u0435\\u0434\\u0436\\u0435\\u0440\\u0430\", \"\\u0421\\u043f\\u043e\\u0441\\u043e\\u0431 \\u043e\\u043f\\u043b\\u0430\\u0442\\u044b\"]}}]"}}, {"model": "admin.logentry", "pk": 26, "fields": {"action_time": "2025-05-19T18:51:59.635Z", "user": 1, "content_type": 12, "object_id": "16", "object_repr": "Заказ Виктор Тиховской (+79994953911)", "action_flag": 2, "change_message": "[{\"changed\": {\"fields\": [\"\\u041a\\u043e\\u043c\\u043c\\u0435\\u043d\\u0442\\u0430\\u0440\\u0438\\u0439\", \"\\u0420\\u0435\\u0441\\u0442\\u043e\\u0440\\u0430\\u043d\"]}}]"}}, {"model": "admin.logentry", "pk": 27, "fields": {"action_time": "2025-05-19T19:04:47.195Z", "user": 1, "content_type": 2, "object_id": "3", "object_repr": "Star Burger Европейский", "action_flag": 2, "change_message": "[{\"changed\": {\"name\": \"\\u043f\\u0443\\u043d\\u043a\\u0442 \\u043c\\u0435\\u043d\\u044e \\u0440\\u0435\\u0441\\u0442\\u043e\\u0440\\u0430\\u043d\\u0430\", \"object\": \"Star Burger \\u0415\\u0432\\u0440\\u043e\\u043f\\u0435\\u0439\\u0441\\u043a\\u0438\\u0439 - \\u0422\\u0440\\u043e\\u0439\\u043d\\u043e\\u0439 \\u0412\\u043e\\u043f\\u043f\\u0435\\u0440\", \"fields\": [\"\\u041f\\u0440\\u043e\\u0434\\u0443\\u043a\\u0442\"]}}]"}}, {"model": "admin.logentry", "pk": 28, "fields": {"action_time": "2025-05-19T19:04:53.465Z", "user": 1, "content_type": 2, "object_id": "3", "object_repr": "Star Burger Европейский", "action_flag": 2, "change_message": "[{\"changed\": {\"name\": \"\\u043f\\u0443\\u043d\\u043a\\u0442 \\u043c\\u0435\\u043d\\u044e \\u0440\\u0435\\u0441\\u0442\\u043e\\u0440\\u0430\\u043d\\u0430\", \"object\": \"Star Burger \\u0415\\u0432\\u0440\\u043e\\u043f\\u0435\\u0439\\u0441\\u043a\\u0438\\u0439 - \\u0421\\u0442\\u0435\\u0439\\u043a\\u0445\\u0430\\u0443\\u0441\", \"fields\": [\"\\u0412 \\u043f\\u0440\\u043e\\u0434\\u0430\\u0436\\u0435\"]}}, {\"changed\": {\"name\": \"\\u043f\\u0443\\u043d\\u043a\\u0442 \\u043c\\u0435\\u043d\\u044e \\u0440\\u0435\\u0441\\u0442\\u043e\\u0440\\u0430\\u043d\\u0430\", \"object\": \"Star Burger \\u0415\\u0432\\u0440\\u043e\\u043f\\u0435\\u0439\\u0441\\u043a\\u0438\\u0439 - \\u041b\\u043e\\u043d\\u0433 \\u0427\\u0438\\u0437\\u0431\\u0443\\u0440\\u0433\\u0435\\u0440\", \"fields\": [\"\\u0412 \\u043f\\u0440\\u043e\\u0434\\u0430\\u0436\\u0435\"]}}, {\"changed\": {\"name\": \"\\u043f\\u0443\\u043d\\u043a\\u0442 \\u043c\\u0435\\u043d\\u044e \\u0440\\u0435\\u0441\\u0442\\u043e\\u0440\\u0430\\u043d\\u0430\", \"object\": \"Star Burger \\u0415\\u0432\\u0440\\u043e\\u043f\\u0435\\u0439\\u0441\\u043a\\u0438\\u0439 - \\u0422\\u0440\\u043e\\u0439\\u043d\\u043e\\u0439 \\u0412\\u043e\\u043f\\u043f\\u0435\\u0440\", \"fields\": [\"\\u0412 \\u043f\\u0440\\u043e\\u0434\\u0430\\u0436\\u0435\"]}}]"}}, {"model": "admin.logentry", "pk": 29, "fields": {"action_time": "2025-05-19T19:05:16.118Z", "user": 1, "content_type": 12, "object_id": "16", "object_repr": "Заказ Виктор Тиховской (+79994953911)", "action_flag": 2, "change_message": "[]"}}, {"model": "admin.logentry", "pk": 30, "fields": {"action_time": "2025-05-19T19:10:41.664Z", "user": 1, "content_type": 2, "object_id": "2", "object_repr": "Star Burger Цветной", "action_flag": 2, "change_message": "[{\"added\": {\"name\": \"\\u043f\\u0443\\u043d\\u043a\\u0442 \\u043c\\u0435\\u043d\\u044e \\u0440\\u0435\\u0441\\u0442\\u043e\\u0440\\u0430\\u043d\\u0430\", \"object\": \"Star Burger \\u0426\\u0432\\u0435\\u0442\\u043d\\u043e\\u0439 - \\u0421\\u0442\\u0435\\u0439\\u043a\\u0445\\u0430\\u0443\\u0441\"}}]"}}, {"model": "auth.user", "pk": 1, "fields": {"password": "pbkdf2_sha256$260000$7zyQxLeaMxLNidXBdnwbJ4$bt7KIkJfvwanQjphcH2DRCFeqpXIJUAhqO2C/UsRNoc=", "last_login": "2025-05-18T09:45:39.816Z", "is_superuser": true, "username": "admin", "first_name": "", "last_name": "", "email": "", "is_staff": true, "is_active": true, "date_joined": "2025-05-18T09:30:43.418Z", "groups": [], "user_permissions": []}}, {"model": "sessions.session", "pk": "ihrprtm0abghg1vjd5g6hs5yqxnon5gn", "fields": {"session_data": ".eJxVjMEOwiAQBf-FsyGywBY8evcbCCwgVQNJaU_Gf5cmPeh1Zt57M-e3tbitp8XNkV2YYKdfFjw9U91FfPh6b5xaXZc58D3hh-381mJ6XY_276D4XsbaQiShyWjSQkgbRMoBNCktcQCTpQJCNSFiUDhZyCAxDW2sthDgzD5fu6I2YA:1uGaaR:UkkmwE8TlEIWCraX9v4xjUaM7XtxvY8dUVRHdHrFg1Q", "expire_date": "2025-06-01T09:45:39.859Z"}}, {"model": "locations.placecoordinate", "pk": 1, "fields": {"address": "Томск, говорова д 46", "lat": 56.510229, "lon": 84.98448, "updated_at": "2025-05-19T20:27:25.615Z"}}, {"model": "locations.placecoordinate", "pk": 2, "fields": {"address": "Москва, ул. Новый Арбат, 15", "lat": 55.751933, "lon": 37.593066, "updated_at": "2025-05-19T20:27:25.997Z"}}, {"model": "locations.placecoordinate", "pk": 3, "fields": {"address": "родина", "lat": 57.830062, "lon": 28.251881, "updated_at": "2025-05-19T20:27:26.361Z"}}, {"model": "locations.placecoordinate", "pk": 4, "fields": {"address": "Москва, Цветной бульвар, 11с2", "lat": 55.770076, "lon": 37.620429, "updated_at": "2025-05-19T20:27:26.778Z"}}, {"model": "locations.placecoordinate", "pk": 5, "fields": {"address": "Томск", "lat": 56.484645, "lon": 84.947649, "updated_at": "2025-05-19T20:27:27.167Z"}}, {"model": "locations.placecoordinate", "pk": 6, "fields": {"address": "томсе", "lat": 56.484645, "lon": 84.947649, "updated_at": "2025-05-19T20:27:27.525Z"}}, {"model": "locations.placecoordinate", "pk": 7, "fields": {"address": "томск", "lat": 56.484645, "lon": 84.947649, "updated_at": "2025-05-19T20:27:27.874Z"}}, {"model": "locations.placecoordinate", "pk": 8, "fields": {"address": "г. Москва, ул. Пушкина, д. 10", "lat": 55.63566, "lon": 37.261318, "updated_at": "2025-05-19T20:27:28.315Z"}}, {"model": "locations.placecoordinate", "pk": 9, "fields": {"address": "Москва", "lat": 55.755864, "lon": 37.617698, "updated_at": "2025-05-19T20:27:28.718Z"}}, {"model": "locations.placecoordinate", "pk": 10, "fields": {"address": "Москва, ул. Пушкина, д. 1", "lat": 55.637296, "lon": 37.261058, "updated_at": "2025-05-19T20:27:29.124Z"}}, {"model": "locations.placecoordinate", "pk": 11, "fields": {"address": "Говорова", "lat": 55.651171, "lon": 37.430372, "updated_at": "2025-05-19T20:27:29.548Z"}}]